adaBoost,0.5
RF,0.629537853218
L-SVM,0.607933309222
