adaBoost,0.5
RF,0.626450183604
L-SVM,0.591291992932
