adaBoost,0.5
RF,0.635486160861
L-SVM,0.614637743116
