adaBoost,0.5
RF,0.659261767681
L-SVM,0.641933929133
