adaBoost,0.5
RF,0.641888137543
L-SVM,0.626548393002
