adaBoost,0.5
RF,0.651802189443
L-SVM,0.629539429077
