adaBoost,0.5
RF,0.634801518995
L-SVM,0.610890389251
