adaBoost,0.5
RF,0.625836744402
L-SVM,0.620146525743
