adaBoost,0.5
RF,0.631251758526
L-SVM,0.610654435514
