adaBoost,0.5
RF,0.671048822499
L-SVM,0.652061125014
