adaBoost,0.5
RF,0.647849640851
L-SVM,0.627649882448
