adaBoost,0.5
RF,0.667263386596
L-SVM,0.650026350048
