adaBoost,0.5
RF,0.63834971146
L-SVM,0.622989535908
